Species,Catalog_num,SVL,Head.width
Amphiuma_tridactylum,MCZ A-4079,546,31.29
Amphiuma_tridactylum,MCZ A-144,341.36,19.41
Amphiuma_tridactylum,MCZ A-272,611.17,39.07
Amphiuma_means,MCZ A-99850,335.6,16.88
Amphiuma_means,MCZ A-99849,380,15.64
Amphiuma_means,MCZ A-16299,288,15.35
Amphiuma_means,MCZ A-9470,307.2,12.69
Siren_lacertina,MCZ A-1445,430,40.93
Siren_lacertina,MCZ A-120184,439,40.33
Siren_lacertina,MCZ A-1741,405,30.85
Pseudobranchus_striatus,MCZ A-5916,86.17,5.06
Pseudobranchus_striatus,MCZ A-107678,77.1,5.07
Pseudobranchus_striatus,MCZ A- 33930,94.32,5.29
Salamandrina_terdigitata,MCZ A-1948,29.44,6.02
Salamandrina_terdigitata,MCZ A-115367,32.06,6.09
Salamandrina_terdigitata,MCZ A-115368,32.48,6.24
Neurergus_crocatus,MCZ A-24182,66.95,15.76
Neurergus_crocatus,MCZ A-99110,63.54,13.57
Neurergus_crocatus,MCZ A-28278,54.95,10.73
Chioglossa_lusitanica,MCZ A-1925,35.5,5.79
Chioglossa_lusitanica,MCZ A-8068,39.42,6.03
Chioglossa_lusitanica,MCZ A-8066,44.48,6.3
Chioglossa_lusitanica,MCZ A-8063,32.57,5.49
Chioglossa_lusitanica,MCZ A-8065,34.62,5.33
Chioglossa_lusitanica,MCZ A-7908,37.97,5.43
Chioglossa_lusitanica,MCZ A-8067,32.56,5.56
Euprotucs_platycephalus,MCZ A-2167,51.25,8.89
Euprotucs_platycephalus,MCZ A-99107,48.62,8.36
Euproctus_asper,MCZ A-111783,68.8,13.18
Euproctus_asper,MCZ A-111784,71.98,12.26
Euproctus_asper,MCZ A-111785,70.8,14.52
Euproctus_asper,MCZ A-111786,69.59,12.15
Proteus_anguineus,MCZ A-3973,140.03,13.56
Necturus_punctatus,MCZ A-1553,94.1,13.01
Necturus_punctatus,MCZ A-119510,85.64,11.72
Necturus_punctatus,MCZ A-5877,105.48,15.67
Necturus_maculosus,MCZ A-99038,159.77,29.75
Necturus_maculosus,MCZ A-99039,149.76,27.74
Necturus_maculosus,MCZ A-1849,253.49,46.92
Necturus_maculosus,MCZ A-125144,230.03,43.86
Necturus_beyeri,MCZ A-30421,120.81,22.5
Necturus_beyeri,MCZ A-17733,136.55,24.59
Necturus_beyeri,MCZ A-17732,122.76,21.28
Liua_wushanensis,MCZ A-101041,86.93,17.16
Salamandrella_keyserlingii,MCZ A_15430,58.46,9.04
Salamandrella_keyserlingii,MCZ A-15433,53.25,8.27
Batrachuperus_tibetanus,MCZ A-101039,84.18,16.29
Batrachuperus_tibetanus,MCZ A-101040,70.66,13.58
Batrachuperus_tibetanus,MCZ A-17426,76.14,13.97
Hynobius_boulengeri,MCZ A-22501,66.42,10.44
Hynobius_boulengeri,MCZ A-22502,66.12,12.77
Hynobius_leechi,MCZ A-8963,45.5,7.69
Hynobius_leechi,MCZ A-8962,42.67,7.74
Hynobius_naevius,MCZ A-7365,72.52,11.17
Hynobius_naevius,MCZ A-22506,57.66,10.49
Pseudoeurycea_lineolus,MCZ A-24751,38.55,3.69
Pseudoeurycea_lineolus,MCZ A-24752,37.37,3.54
Pseudoeurycea_lineolus,MCZ A-8381,33.14,3.82
Karsenia_koreana,MCZ A-136691,40.1,6.48
Plethodon_petraeus,MCZ A_117980,75.24,12.46
Plethodon_petraeus,MCZ A_117981,64.24,9.97
Plethodon_petraeus,MCZ A_117982,73.98,11.83
Cryptobranchus_alleganiensis,,NA,NA
Andrias_davidianus,,NA,NA
Andrias_japonicus,,NA,NA
Onychodactylus_japonicus,,10.21,78.03
Onychodactylus_japonicus,,8.12,63.61
Onychodactylus_japonicus,,9.2,71.72
Onychodactylus_japonicus,,8.36,64.78
Ranodon_sibiricus,,14.21,75.83
Ranodon_sibiricus,,18.33,98.54
Ranodon_sibiricus,,15.01,75.49
Batrachuperus_pinchonii,,12.95,74.6
Batrachuperus_pinchonii,,13.86,70.84
Batrachuperus_pinchonii,,11.29,73.7
Batrachuperus_pinchonii,,11.71,77.05
Batrachuperus_pinchonii,,10.89,78.73
Hynobius_lichenatus,,9.55,52.58
Hynobius_lichenatus,,10.54,64.49
Hynobius_lichenatus,,10.2,57.76
Hynobius_lichenatus,,9.97,57.5
Hynobius_lichenatus,,10.94,65.4
Hynobius_nigrescens,,12.37,72.46
Hynobius_nigrescens,,13.26,74.77
Hynobius_nigrescens,,13.84,72.96
Hynobius_nigrescens,,13.58,75.07
Hynobius_nigrescens,,12.46,66.61
Dicamptodon_ensatus,,20.08,111.35
Dicamptodon_ensatus,,20.37,114.14
Dicamptodon_ensatus,,18.11,99.55
Dicamptodon_ensatus,,21.84,115.82
Dicamptodon_ensatus,,21.58,123.65
Dicamptodon_copei,,13.34,80.43
Dicamptodon_copei,,12.64,88.56
Dicamptodon_copei,,12.47,79.91
Dicamptodon_copei,,12.42,76.73
Dicamptodon_copei,,13.91,85.95
Ambystoma_talpoideum,,12.2,59.34
Ambystoma_talpoideum,,12.4,58.48
Ambystoma_talpoideum,,13.01,61.1
Ambystoma_talpoideum,,13.2,53.24
Ambystoma_talpoideum,,11.33,53.12
Ambystoma_gracile,,19.26,94
Ambystoma_gracile,,21.19,104.7
Ambystoma_gracile,,18.82,93.71
Ambystoma_gracile,,18.6,87.03
Ambystoma_gracile,,20.43,101.37
Ambystoma_opacum,,8.38,44.1
Ambystoma_opacum,,9.86,60.72
Ambystoma_opacum,,10.5,56.49
Ambystoma_opacum,,10.14,61.62
Ambystoma_opacum,,9.46,56.17
Ambystoma_cingulatum,,7.16,61.07
Ambystoma_cingulatum,,7.3,57.05
Ambystoma_cingulatum,,7.99,63.24
Ambystoma_cingulatum,,7.57,64.48
Ambystoma_cingulatum,,7.5,59.62
Ambystoma_maculatum,,17.15,106.65
Ambystoma_maculatum,,14.34,87.59
Ambystoma_maculatum,,14.58,90.35
Ambystoma_maculatum,,16.37,108.93
Ambystoma_maculatum,,14.66,89.5
Ambystoma_jeffersonianum,,12.39,91.45
Ambystoma_jeffersonianum,,13.24,87.46
Ambystoma_jeffersonianum,,12.79,90.19
Ambystoma_jeffersonianum,,12.62,82.45
Ambystoma_jeffersonianum,,13.04,82.56
Ambystoma_laterale,,7.02,44.69
Ambystoma_laterale,,6,40.35
Ambystoma_laterale,,9.66,62.92
Ambystoma_laterale,,5.49,33.59
Ambystoma_laterale,,7.44,55.75
Ambystoma_mabeei,,8.49,59.97
Ambystoma_mabeei,,8.71,65.2
Ambystoma_mabeei,,8.44,62.04
Ambystoma_mabeei,,8.05,58.43
Ambystoma_mabeei,,8.04,62.74
Ambystoma_texanum,,9.78,81.8
Ambystoma_texanum,,8,70.03
Ambystoma_texanum,,9.76,89.88
Ambystoma_texanum,,9.54,81.59
Ambystoma_texanum,,10.79,88.27
Ambystoma_barbouri,,8.88,76.95
Ambystoma_barbouri,,10.7,91.36
Ambystoma_barbouri,,8.62,67.32
Ambystoma_barbouri,,10.62,86.11
Ambystoma_barbouri,,8.94,65.32
Ambystoma_macrodactylum,,9.3,71.22
Ambystoma_macrodactylum,,9.14,62.25
Ambystoma_macrodactylum,,9.12,65.68
Ambystoma_macrodactylum,,9.45,62.02
Ambystoma_macrodactylum,,9.67,68.83
Ambystoma_californiense,,18.12,94.14
Ambystoma_californiense,,18.05,102.02
Ambystoma_californiense,,18.81,100.78
Ambystoma_californiense,,19.65,103.18
Ambystoma_californiense,,18.89,97.85
Ambystoma_tigrinum,,17.61,105.86
Ambystoma_tigrinum,,18.05,99.97
Ambystoma_tigrinum,,16.87,96.41
Ambystoma_tigrinum,,19.39,109.43
Ambystoma_tigrinum,,22.11,109.81
Ambystoma_ordinarium,,16.22,79.5
Ambystoma_ordinarium,,15.13,71.8
Ambystoma_ordinarium,,13.37,70.34
Ambystoma_ordinarium,,16.52,78.8
Ambystoma_ordinarium,,16.67,71.58
Ambystoma_mexicanum,,29.27,118.99
Ambystoma_mexicanum,,28.88,114.04
Ambystoma_mexicanum,,21.69,87.81
Ambystoma_mexicanum,,20.59,80.51
Ambystoma_mexicanum,,22.39,85.39
Ambystoma_dumerilii,,41.85,132.85
Ambystoma_dumerilii,,44.49,138.44
Ambystoma_dumerilii,,39.95,120.84
Ambystoma_dumerilii,,34.59,98.74
Ambystoma_dumerilii,,44.75,133.76
Ambystoma_andersoni,,30.5,114.06
Ambystoma_andersoni,,32.17,121.44
Ambystoma_andersoni,,28.46,99.96
Ambystoma_andersoni,,29.82,94.44
Ambystoma_andersoni,,27.14,95.14
Salamandrina_terdigitata,,6.1,36.2
Salamandrina_terdigitata,,5.75,31.91
Salamandrina_terdigitata,,5.42,36.86
Mertensiella_caucasica,,9.53,70.11
Mertensiella_caucasica,,9.86,68
Salamandra_salamandra,,16.78,103.24
Salamandra_salamandra,,19.59,109.53
Salamandra_salamandra,,17.47,94.17
Salamandra_salamandra,,14.72,76.62
Salamandra_salamandra,,15.09,76.18
Salamandra_atra,,13.15,76.16
Salamandra_atra,,11.13,75.1
Salamandra_atra,,12.22,66.8
Salamandra_atra,,12.41,68.71
Pleurodeles_waltl,,16.06,75.52
Pleurodeles_waltl,,16.12,75.73
Pleurodeles_waltl,,16.74,75.09
Pleurodeles_waltl,,14.89,77.15
Pleurodeles_waltl,,12.25,70.27
Echinotriton_andersoni,,7.8,31.38
Echinotriton_andersoni,,8.1,32.73
Echinotriton_andersoni,,8.34,31.3
Echinotriton_andersoni,,6.92,28.66
Echinotriton_andersoni,,7.37,28.47
Tylototriton_shanjing,,15.47,81.04
Tylototriton_shanjing,,17.66,80.92
Tylototriton_shanjing,,15,72.74
Tylototriton_shanjing,,17.48,86.54
Tylototriton_shanjing,,18.06,82.4
Notophthalmus_meridionalis,,9.13,45.98
Notophthalmus_meridionalis,,9.87,49.52
Notophthalmus_meridionalis,,9.2,44.19
Notophthalmus_meridionalis,,9.03,45.46
Notophthalmus_meridionalis,,9.33,49.09
Notophthalmus_viridescens,,7.46,42.09
Notophthalmus_viridescens,,7.81,47.04
Notophthalmus_viridescens,,7.64,40.94
Notophthalmus_viridescens,,7.43,43.08
Notophthalmus_viridescens,,8.83,49.49
Notophthalmus_perstriatus,,5.05,30.29
Notophthalmus_perstriatus,,5.7,36.69
Notophthalmus_perstriatus,,5,29.56
Notophthalmus_perstriatus,,4.97,28.54
Notophthalmus_perstriatus,,5.21,30.91
Taricha_rivularis,,14.7,76.96
Taricha_rivularis,,14.34,74.63
Taricha_rivularis,,14.27,75.02
Taricha_rivularis,,14.98,79.27
Taricha_rivularis,,14.97,74.31
Taricha_granulosa,,15.08,76.28
Taricha_granulosa,,15.8,73.54
Taricha_granulosa,,14.67,73.32
Taricha_granulosa,,16.18,78.68
Taricha_granulosa,,15.31,78.74
Taricha_torosa,,18.09,89.26
Taricha_torosa,,14.54,75.8
Taricha_torosa,,14.08,69.05
Taricha_torosa,,13.73,74.91
Taricha_torosa,,14.59,71.42
Cynops_pyrrhogaster,,12.76,73.35
Cynops_pyrrhogaster,,16.51,84.82
Cynops_pyrrhogaster,,11.52,65.36
Cynops_pyrrhogaster,,12.57,60.96
Cynops_pyrrhogaster,,12.32,65.11
Cynops_ensicauda,,12.94,66.34
Cynops_ensicauda,,12.01,64.8
Cynops_ensicauda,,13.94,73.48
Cynops_ensicauda,,14.5,69.8
Cynops_ensicauda,,11.94,67.72
Cynops_cyanurus,,10.26,53
Cynops_cyanurus,,10.6,58.92
Cynops_cyanurus,,10.44,55.53
Cynops_cyanurus,,9.34,52.43
Cynops_cyanurus,,10.64,60.45
Pachytriton_labiatus,,17.11,89.92
Pachytriton_labiatus,,17.17,92.44
Pachytriton_labiatus,,18.2,99.41
Pachytriton_labiatus,,15.83,92.34
Pachytriton_labiatus,,15.34,84.7
Pachytriton_brevipes,,10.7,66.76
Pachytriton_brevipes,,11.13,71.77
Paramesotriton_chinensis,,15.14,78.89
Paramesotriton_chinensis,,15.39,74.87
Paramesotriton_chinensis,,16.97,79.5
Paramesotriton_chinensis,,14.45,74.1
Paramesotriton_chinensis,,16.53,80.1
Paramesotriton_hongkongensis,,15.33,69.67
Paramesotriton_hongkongensis,,16.68,80.75
Paramesotriton_hongkongensis,,15.58,74.44
Paramesotriton_hongkongensis,,15.1,77.01
Paramesotriton_hongkongensis,,13.68,67.05
Paramesotriton_guangxiensis,,14.91,63.5
Paramesotriton_guangxiensis,,15.47,76.23
Paramesotriton_guangxiensis,,15.66,75.24
Paramesotriton_guangxiensis,,15.84,71.54
Neurergus_kaiseri,,8.98,47.05
Neurergus_kaiseri,,8.99,49.36
Neurergus_kaiseri,,8.82,45.48
Neurergus_kaiseri,,8.37,42.84
Triturus_marmoratus,,12.9,73.02
Triturus_marmoratus,,13.41,68.51
Triturus_marmoratus,,12.61,63.04
Triturus_marmoratus,,11.52,65.67
Triturus_marmoratus,,10.29,61.13
Triturus_cristatus,,11.07,69.06
Triturus_cristatus,,9.9,66.52
Triturus_cristatus,,9.75,58.49
Triturus_cristatus,,7.5,59.96
Triturus_cristatus,,10.9,69.09
Triturus_carnifex,,12.28,72.14
Triturus_carnifex,,11.38,65.33
Triturus_carnifex,,9.16,48.7
Rhyacotriton_olympicus,,8.13,54.68
Rhyacotriton_olympicus,,7.02,52.5
Rhyacotriton_olympicus,,7,49.45
Rhyacotriton_olympicus,,7.3,50.87
Rhyacotriton_olympicus,,6.63,46.55
Ensatina_eschscholtzii,,9.8,59.78
Ensatina_eschscholtzii,,9.34,58.25
Ensatina_eschscholtzii,,9.31,58.06
Ensatina_eschscholtzii,,9.32,56.54
Ensatina_eschscholtzii,,9.24,59.53
Hydromantes_shastae,,9.22,59.09
Hydromantes_shastae,,9.2,59.69
Hydromantes_shastae,,8.34,52.88
Hydromantes_shastae,,9.95,63.73
Hydromantes_shastae,,9.03,60.46
Hydromantes_brunus,,9.34,53.75
Hydromantes_brunus,,11,63.74
Hydromantes_brunus,,10.06,61.81
Hydromantes_brunus,,7.52,40.7
Hydromantes_platycephalus,,9.15,54.04
Hydromantes_platycephalus,,9.41,55.01
Hydromantes_platycephalus,,9.56,51.36
Hydromantes_platycephalus,,8.46,49.25
Hydromantes_platycephalus,,9,49.61
Hydromantes_italicus,,8.34,56.95
Hydromantes_italicus,,8.05,54.74
Hydromantes_genei,,9.59,57.29
Hydromantes_genei,,7.64,44.21
Hydromantes_imperialis,,11.21,73.12
Hydromantes_imperialis,,10.93,70.43
Hydromantes_flavus,,12.22,68.58
Hydromantes_flavus,,10.2,59.28
Hydromantes_supramontis,,10.26,63.13
Aneides_aeneus,,10.38,58.78
Aneides_aeneus,,10.36,65.65
Aneides_aeneus,,10.07,60.86
Aneides_aeneus,,9.87,58.59
Aneides_aeneus,,11.24,61.4
Aneides_hardii,,8.2,60.95
Aneides_hardii,,8.64,59.62
Aneides_hardii,,7.91,57.74
Aneides_hardii,,9.23,61.21
Aneides_hardii,,8.99,55.06
Aneides_lugubris,,11.15,67.45
Aneides_lugubris,,12.11,68.56
Aneides_lugubris,,14.4,68.97
Aneides_lugubris,,13.81,75.5
Aneides_lugubris,,14.09,72.62
Aneides_flavipunctatus,,10.73,71.79
Aneides_flavipunctatus,,9.71,64.77
Aneides_flavipunctatus,,12.04,68.1
Aneides_flavipunctatus,,10.57,69.79
Aneides_flavipunctatus,,13.55,81.52
Aneides_ferreus,,12.1,68.2
Aneides_ferreus,,10.46,62.55
Aneides_ferreus,,9.31,60.02
Aneides_ferreus,,9.78,63.85
Aneides_ferreus,,11.52,70.84
Phaeognathus_hubrichti,,12.04,101.9
Phaeognathus_hubrichti,,11.75,104.61
Phaeognathus_hubrichti,,10.91,91.38
Phaeognathus_hubrichti,,10.13,89.03
Phaeognathus_hubrichti,,11.43,105.05
Desmognathus_wrighti,,4.29,30.42
Desmognathus_wrighti,,4.14,29.82
Desmognathus_wrighti,,3.53,26.93
Desmognathus_wrighti,,3.9,28.86
Desmognathus_wrighti,,3.81,25.49
Desmognathus_quadramaculatus,,13.7,69.75
Desmognathus_quadramaculatus,,13.69,78.77
Desmognathus_quadramaculatus,,12.73,77.25
Desmognathus_quadramaculatus,,14.82,93.21
Desmognathus_quadramaculatus,,18.36,86.31
Desmognathus_marmoratus,,11.1,65.48
Desmognathus_marmoratus,,11.4,67.8
Desmognathus_marmoratus,,10.14,60.17
Desmognathus_marmoratus,,11.4,67.34
Desmognathus_marmoratus,,11.77,68.26
Desmognathus_imitator,,7.75,46.62
Desmognathus_imitator,,6.82,47.59
Desmognathus_imitator,,6.63,46.31
Desmognathus_imitator,,6.83,44.79
Desmognathus_imitator,,6.04,37.5
Desmognathus_aeneus,,3.52,25.74
Desmognathus_aeneus,,3.41,24.72
Desmognathus_aeneus,,3.74,25.84
Desmognathus_aeneus,,3.15,20.99
Desmognathus_aeneus,,3.29,25.05
Desmognathus_ochrophaeus,,7.01,44.17
Desmognathus_ochrophaeus,,8.68,48.36
Desmognathus_ochrophaeus,,7.34,43.48
Desmognathus_ochrophaeus,,7.21,49.37
Desmognathus_ochrophaeus,,8.19,49.23
Desmognathus_monticola,,12.68,67.04
Desmognathus_monticola,,10.72,68.68
Desmognathus_monticola,,12.21,78
Desmognathus_monticola,,12.09,69.61
Desmognathus_monticola,,9.89,64.72
Desmognathus_welteri,,10.98,76.48
Desmognathus_welteri,,9.96,63.16
Desmognathus_welteri,,12.17,80.12
Desmognathus_welteri,,13.5,86.46
Desmognathus_welteri,,10.88,71.05
Desmognathus_fuscus,,8.52,59.45
Desmognathus_fuscus,,9.47,60
Desmognathus_fuscus,,9.24,53.35
Desmognathus_fuscus,,8.34,59.75
Desmognathus_fuscus,,9.9,64.15
Desmognathus_auriculatus,,7.24,43.73
Desmognathus_auriculatus,,7.05,43.45
Desmognathus_auriculatus,,7.78,56.54
Desmognathus_auriculatus,,7.16,46.43
Desmognathus_auriculatus,,6.24,42.3
Desmognathus_apalachicolae,,7.62,43.93
Desmognathus_apalachicolae,,7.12,40.98
Desmognathus_brimleyorum,,15.45,84.56
Desmognathus_brimleyorum,,13.3,75.06
Desmognathus_brimleyorum,,9.89,63.18
Desmognathus_brimleyorum,,12.56,76.71
Desmognathus_brimleyorum,,12.7,74.01
Desmognathus_santeetlah,,8.11,55.22
Desmognathus_santeetlah,,6.98,48.3
Desmognathus_santeetlah,,8.37,50.15
Desmognathus_santeetlah,,8.93,52.5
Desmognathus_santeetlah,,7.28,48.03
Plethodon_neomexicanus,,6.87,60.08
Plethodon_neomexicanus,,6.64,64.89
Plethodon_neomexicanus,,7.52,68.34
Plethodon_neomexicanus,,7.69,68.73
Plethodon_neomexicanus,,6.44,62.21
Plethodon_larselli,,6.92,56.67
Plethodon_larselli,,6.11,48.86
Plethodon_larselli,,6.59,50.78
Plethodon_larselli,,6.13,46.42
Plethodon_larselli,,6.37,48.94
Plethodon_vandykei,,7.92,62.85
Plethodon_vandykei,,7.79,59.28
Plethodon_vandykei,,7,57.75
Plethodon_vandykei,,8.33,61.15
Plethodon_vandykei,,7.88,61.29
Plethodon_dunni,,8.57,65.87
Plethodon_dunni,,7.55,57.26
Plethodon_dunni,,8.74,65.05
Plethodon_dunni,,9.31,67.21
Plethodon_dunni,,8.75,64.8
Plethodon_vehiculum,,5.24,45.03
Plethodon_vehiculum,,5.04,47.46
Plethodon_vehiculum,,5.31,47.4
Plethodon_vehiculum,,5.47,47.19
Plethodon_vehiculum,,5.32,47.48
Plethodon_asupak,,8.74,67.06
Plethodon_asupak,,7.88,68.95
Plethodon_asupak,,8.41,66.15
Plethodon_asupak,,7.68,61.67
Plethodon_asupak,,8.07,67.24
Plethodon_stormi,,8.13,64.31
Plethodon_stormi,,7.62,66.07
Plethodon_stormi,,7.86,67.83
Plethodon_stormi,,7.92,67.62
Plethodon_stormi,,8.33,67.87
Plethodon_elongatus,,7.59,64.44
Plethodon_elongatus,,8.41,67.13
Plethodon_elongatus,,7.83,60.73
Plethodon_elongatus,,7.8,63.47
Plethodon_elongatus,,7.13,59.11
Plethodon_serratus,,4.46,41.5
Plethodon_serratus,,4.34,41.04
Plethodon_serratus,,4.98,47.14
Plethodon_serratus,,4.92,40.9
Plethodon_cinereus,,5.2,47.72
Plethodon_cinereus,,5.14,44.85
Plethodon_cinereus,,5.13,45.45
Plethodon_cinereus,,5.25,47.1
Plethodon_cinereus,,5.2,47.24
Plethodon_nettingi,,5.19,45.02
Plethodon_nettingi,,5.91,44.25
Plethodon_nettingi,,5.38,41.85
Plethodon_nettingi,,5.61,45.62
Plethodon_nettingi,,5.99,45.42
Plethodon_richmondi,,5.05,57.72
Plethodon_richmondi,,5.1,55.76
Plethodon_richmondi,,5.39,54.59
Plethodon_richmondi,,5.02,48.87
Plethodon_richmondi,,4.94,48.96
Plethodon_wehrlei,,6.43,59.74
Plethodon_wehrlei,,6.52,54.15
Plethodon_wehrlei,,6.78,56.26
Plethodon_wehrlei,,6.82,60.5
Plethodon_wehrlei,,5.44,51.79
Plethodon_welleri,,4.87,43.03
Plethodon_welleri,,4.59,43.84
Plethodon_welleri,,4.46,41.12
Plethodon_welleri,,4.59,40.85
Plethodon_welleri,,4.78,39.54
Plethodon_dorsalis,,5.95,45.8
Plethodon_dorsalis,,5.19,39.27
Plethodon_dorsalis,,5.45,47.23
Plethodon_dorsalis,,5.23,44.13
Plethodon_dorsalis,,5.16,47.47
Plethodon_yonahlossee,,12.78,80.54
Plethodon_yonahlossee,,12.05,80.1
Plethodon_yonahlossee,,10.83,76.55
Plethodon_yonahlossee,,13.19,80.05
Plethodon_yonahlossee,,12.74,87.52
Plethodon_ouachitae,,8.58,64.19
Plethodon_ouachitae,,8.74,64.33
Plethodon_ouachitae,,7.65,56.31
Plethodon_ouachitae,,7.83,56.96
Plethodon_ouachitae,,8.87,63.8
Plethodon_jordani,,8.51,67.53
Plethodon_jordani,,7.73,60.95
Plethodon_jordani,,8.79,64.56
Plethodon_jordani,,9.51,67.06
Plethodon_jordani,,8.23,57.34
Plethodon_teyahalee,,11.33,86.82
Plethodon_teyahalee,,10.37,71.92
Plethodon_teyahalee,,9.71,69.63
Plethodon_teyahalee,,9.08,70
Plethodon_teyahalee,,8.03,63.34
Plethodon_glutinosus,,10.35,73.5
Plethodon_glutinosus,,10.5,73.91
Plethodon_glutinosus,,10.77,76.75
Plethodon_glutinosus,,10.08,73.28
Plethodon_glutinosus,,11.12,75.07
Hemidactylium_scutatum,,5.6,39.11
Hemidactylium_scutatum,,5.07,37.44
Hemidactylium_scutatum,,5.12,34.77
Hemidactylium_scutatum,,4.95,33.8
Hemidactylium_scutatum,,5.04,32.8
Stereochilus_marginatus,,5.03,49.57
Stereochilus_marginatus,,5.08,46.65
Stereochilus_marginatus,,4.4,41.02
Stereochilus_marginatus,,5.14,53.67
Stereochilus_marginatus,,4.98,44.08
Pseudotriton_montanus,,11.11,81.68
Pseudotriton_montanus,,12.56,82.68
Pseudotriton_montanus,,11.03,76.58
Pseudotriton_montanus,,12.27,79.23
Pseudotriton_montanus,,10.04,68.3
Pseudotriton_ruber,,12.12,78.97
Pseudotriton_ruber,,11.67,83.68
Pseudotriton_ruber,,10.89,76.3
Pseudotriton_ruber,,11.19,75.17
Pseudotriton_ruber,,11.92,82.8
Gyrinophilus_porphyriticus,,15.57,119.67
Gyrinophilus_porphyriticus,,13.33,99.44
Gyrinophilus_porphyriticus,,12.39,100.92
Gyrinophilus_porphyriticus,,12.51,100.7
Gyrinophilus_porphyriticus,,11.76,97.12
Gyrinophilus_palleucus,,10.25,70.53
Gyrinophilus_palleucus,,11.49,74.66
Gyrinophilus_palleucus,,12.46,84.01
Gyrinophilus_palleucus,,7.53,52.59
Gyrinophilus_palleucus,,8.25,57.85
Eurycea_spelaea,,6.7,48.65
Eurycea_spelaea,,5.65,47.47
Eurycea_spelaea,,6.95,41.01
Eurycea_spelaea,,6.2,38.55
Eurycea_spelaea,,5.56,42.62
Eurycea_tynerensis,,3.75,34.14
Eurycea_tynerensis,,3.75,32.22
Eurycea_tynerensis,,2.78,32.74
Eurycea_tynerensis,,3.39,33.84
Eurycea_tynerensis,,3.58,31.47
Eurycea_multiplicata,,4.61,40.81
Eurycea_multiplicata,,4.35,35.98
Eurycea_multiplicata,,3.71,35.09
Eurycea_multiplicata,,4.19,41.71
Eurycea_multiplicata,,3.98,40.21
Eurycea_lucifuga,,10.3,64.98
Eurycea_lucifuga,,11.25,66.75
Eurycea_lucifuga,,10.09,63.39
Eurycea_lucifuga,,9.66,61.13
Eurycea_lucifuga,,9.53,61.79
Eurycea_wilderae,,5.43,41.3
Eurycea_wilderae,,5.37,38.46
Eurycea_wilderae,,5.97,41.36
Eurycea_wilderae,,4.77,40.21
Eurycea_wilderae,,4.82,38.64
Eurycea_bislineata,,5.4,43.38
Eurycea_bislineata,,4.82,38.58
Eurycea_bislineata,,5.54,41.28
Eurycea_bislineata,,4.81,40.33
Eurycea_bislineata,,4.92,39.25
Eurycea_junaluska,,7.94,49.29
Eurycea_junaluska,,6.03,44.77
Eurycea_junaluska,,6.22,45.41
Eurycea_junaluska,,6.21,43.62
Eurycea_junaluska,,6.48,41.13
Eurycea_quadridigitata,,3.76,29.04
Eurycea_quadridigitata,,3.75,35.5
Eurycea_quadridigitata,,3.83,30.75
Eurycea_quadridigitata,,3.51,31.12
Eurycea_quadridigitata,,3.74,33.66
Eurycea_rathbuni,,11.18,56.5
Eurycea_rathbuni,,9.58,47.09
Eurycea_nana,,3.05,27.32
Eurycea_nana,,3.47,27.69
Eurycea_nana,,3.47,28.53
Eurycea_nana,,3.36,27.8
Eurycea_nana,,3.31,27.47
Eurycea_neotenes,,5.19,34.68
Eurycea_neotenes,,4.58,29.69
Eurycea_neotenes,,4.35,31
Eurycea_neotenes,,4.35,33.55
Eurycea_neotenes,,3.95,28.78
Batrachoseps_wrighti,,4.31,42.84
Batrachoseps_wrighti,,4.96,42.53
Batrachoseps_wrighti,,5.02,42.81
Batrachoseps_wrighti,,4.87,40.05
Batrachoseps_wrighti,,5.13,46.11
Batrachoseps_attenuatus,,3.84,41.21
Batrachoseps_attenuatus,,4,46.69
Batrachoseps_attenuatus,,4.79,46.54
Batrachoseps_attenuatus,,3.53,42.95
Batrachoseps_attenuatus,,3.57,39.9
Batrachoseps_major,,4.93,49.21
Batrachoseps_major,,4.77,44.16
Batrachoseps_major,,5.39,48.06
Batrachoseps_major,,4.87,52.7
Batrachoseps_major,,4.88,49.55
Dendrotriton_bromeliacius,,4.27,30.34
Dendrotriton_bromeliacius,,4.4,32.09
Dendrotriton_bromeliacius,,4,29.11
Dendrotriton_bromeliacius,,4.08,29.43
Dendrotriton_bromeliacius,,3.9,30.46
Nototriton_richardi,,2.92,23.56
Nototriton_richardi,,3.08,20.58
Nototriton_richardi,,2.82,20.95
Nototriton_picadoi,,3.78,34.08
Nototriton_picadoi,,3.6,28.76
Nototriton_picadoi,,4.06,32.55
Nototriton_picadoi,,3.42,26.62
Nototriton_picadoi,,3.45,27.35
Thorius_macdougalli,,3.52,27.63
Thorius_macdougalli,,2.68,20.1
Thorius_macdougalli,,2.66,19.49
Thorius_macdougalli,,2.97,24.57
Thorius_macdougalli,,2.68,20.58
Thorius_troglodytes,,2.56,21.02
Thorius_troglodytes,,2.79,21.39
Thorius_troglodytes,,2.41,20.11
Thorius_troglodytes,,2.57,23.59
Thorius_troglodytes,,2.69,23.48
Oedipina_complex,,3.42,25.8
Oedipina_complex,,3.42,33.1
Oedipina_complex,,2.7,21.62
Oedipina_parvipes,,3.68,41.21
Oedipina_parvipes,,3.65,43.85
Oedipina_pseudouniformis,,4.4,49.02
Oedipina_pseudouniformis,,3.88,41.88
Oedipina_pseudouniformis,,4.08,42.92
Oedipina_pseudouniformis,,3.52,39.71
Oedipina_pseudouniformis,,3.76,41.89
Oedipina_poelzi,,5.49,49.96
Oedipina_poelzi,,4.86,53.49
Oedipina_poelzi,,5.07,56.95
Oedipina_poelzi,,6.41,67.66
Oedipina_poelzi,,5.3,57.49
Oedipina_gracilis,,6.14,59.88
Oedipina_uniformis,,3.89,50.98
Oedipina_uniformis,,3.7,43.6
Oedipina_uniformis,,4.04,50.86
Oedipina_uniformis,,4.26,48.6
Oedipina_uniformis,,3.95,54.13
Chiropterotriton_dimidiatus,,3.43,27.25
Chiropterotriton_dimidiatus,,3.71,24.68
Chiropterotriton_dimidiatus,,3.31,24.46
Chiropterotriton_dimidiatus,,3.59,27.05
Chiropterotriton_lavae,,3.56,27.49
Chiropterotriton_lavae,,4.22,30.32
Chiropterotriton_lavae,,4.83,35.23
Chiropterotriton_lavae,,4.4,30.92
Chiropterotriton_lavae,,4.71,34.18
Chiropterotriton_orculus,,4.72,31.98
Chiropterotriton_arboreus,,4.92,38.54
Chiropterotriton_arboreus,,6.01,42.43
Chiropterotriton_arboreus,,4.95,36.43
Chiropterotriton_arboreus,,5.09,35.54
Chiropterotriton_multidentatus,,4.81,31.35
Chiropterotriton_multidentatus,,6.24,40.53
Chiropterotriton_multidentatus,,5.78,40.44
Chiropterotriton_multidentatus,,5.69,38.58
Chiropterotriton_multidentatus,,5.73,42.58
Chiropterotriton_cracens,,5.87,40.45
Chiropterotriton_chondrostega,,4.18,29.94
Chiropterotriton_chondrostega,,3.52,26.38
Chiropterotriton_chondrostega,,3.39,24.89
Chiropterotriton_chondrostega,,3.79,27.98
Chiropterotriton_magnipes,,3.58,26.42
Chiropterotriton_magnipes,,10.02,57.29
Chiropterotriton_magnipes,,9.44,53.53
Chiropterotriton_magnipes,,10.67,63.1
Chiropterotriton_magnipes,,10.17,59.42
Chiropterotriton_priscus,,10.28,61.64
Chiropterotriton_priscus,,6.38,42.6
Chiropterotriton_priscus,,6.7,43.22
Chiropterotriton_priscus,,6.06,42.67
Chiropterotriton_priscus,,5.09,34.07
Chiropterotriton_terrestris,,5.3,36.8
Parvimolge_townsendi,,2.93,23.11
Parvimolge_townsendi,,2.87,19.45
Pseudoeurycea_cephalica,,7.37,47.71
Pseudoeurycea_cephalica,,6.23,45.46
Pseudoeurycea_cephalica,,6.81,46.26
Pseudoeurycea_cephalica,,7.17,48.61
Pseudoeurycea_cephalica,,6.69,43.79
Pseudoeurycea_galeanae,,10.45,67.25
Pseudoeurycea_galeanae,,11.49,71.33
Pseudoeurycea_galeanae,,7.45,45.81
Pseudoeurycea_galeanae,,8.81,59.15
Pseudoeurycea_galeanae,,6.37,38.95
Pseudoeurycea_scandens,,9.77,60.18
Pseudoeurycea_scandens,,9,58.28
Pseudoeurycea_scandens,,9.92,63.34
Pseudoeurycea_scandens,,9.97,63.56
Pseudoeurycea_scandens,,9.49,57.67
Pseudoeurycea_bellii,,21.34,130.87
Pseudoeurycea_bellii,,14.54,101.54
Pseudoeurycea_bellii,,14.61,106.71
Pseudoeurycea_bellii,,15.49,104.11
Pseudoeurycea_bellii,,16.02,106.39
Pseudoeurycea_werleri,,8.46,52.4
Pseudoeurycea_werleri,,9.03,55.37
Pseudoeurycea_werleri,,8.52,51.06
Pseudoeurycea_werleri,,9.1,49.17
Pseudoeurycea_werleri,,7.94,46.41
Pseudoeurycea_unguidentis,,7.7,51.18
Pseudoeurycea_unguidentis,,6.28,38.64
Pseudoeurycea_juarezi,,7.07,46.21
Pseudoeurycea_juarezi,,6.3,41.06
Pseudoeurycea_juarezi,,6.6,44.64
Pseudoeurycea_juarezi,,7.12,50.24
Pseudoeurycea_juarezi,,6.51,42.72
Pseudoeurycea_leprosa,,6.43,55.37
Pseudoeurycea_leprosa,,7.3,56.22
Pseudoeurycea_leprosa,,7.95,56.86
Pseudoeurycea_leprosa,,7.35,57.12
Pseudoeurycea_leprosa,,6.52,49.1
Pseudoeurycea_smithi,,9.98,75.31
Pseudoeurycea_smithi,,10.42,71
Pseudoeurycea_smithi,,9.15,71.29
Pseudoeurycea_smithi,,11.03,73.77
Pseudoeurycea_smithi,,8.9,65.42
Pseudoeurycea_brunnata,,7.64,54.25
Pseudoeurycea_brunnata,,8.38,55.59
Pseudoeurycea_brunnata,,7.22,50.94
Pseudoeurycea_brunnata,,8.15,57.85
Pseudoeurycea_brunnata,,7.47,48.04
Pseudoeurycea_exspectata,,9.18,61.44
Pseudoeurycea_exspectata,,10.11,65.57
Pseudoeurycea_exspectata,,7.7,51.97
Pseudoeurycea_exspectata,,7.77,54.42
Pseudoeurycea_exspectata,,7.81,49.52
Pseudoeurycea_goebeli,,11.52,65.54
Pseudoeurycea_goebeli,,11.08,64.24
Pseudoeurycea_goebeli,,12.71,70.32
Pseudoeurycea_goebeli,,9.68,55.17
Pseudoeurycea_goebeli,,11.81,63.06
Pseudoeurycea_rex,,6,47.39
Pseudoeurycea_rex,,6.19,40.87
Pseudoeurycea_rex,,6.67,45.82
Pseudoeurycea_rex,,6.33,44.27
Pseudoeurycea_rex,,6.01,43.55
Pseudoeurycea_gadovii,,10.28,68.16
Pseudoeurycea_gadovii,,8.35,68.31
Pseudoeurycea_gadovii,,9.45,61.24
Pseudoeurycea_gadovii,,9.62,60.92
Pseudoeurycea_gadovii,,8.22,59.14
Pseudoeurycea_cochranae,,7.52,53.22
Pseudoeurycea_cochranae,,7.57,54.52
Pseudoeurycea_cochranae,,5.7,37.59
Pseudoeurycea_cochranae,,5.59,37.2
Pseudoeurycea_cochranae,,4.85,31.76
Pseudoeurycea_robertsi,,8.58,59.76
Pseudoeurycea_robertsi,,8.15,53.99
Pseudoeurycea_robertsi,,7.08,48.18
Pseudoeurycea_robertsi,,8.17,57.42
Pseudoeurycea_robertsi,,8.6,53.18
Pseudoeurycea_altamontana,,7.44,52.81
Pseudoeurycea_altamontana,,8.75,56.38
Pseudoeurycea_altamontana,,8.37,53.54
Pseudoeurycea_altamontana,,6.45,36.45
Pseudoeurycea_altamontana,,6.4,38.15
Pseudoeurycea_longicauda,,8.31,57.4
Pseudoeurycea_longicauda,,9.37,58.33
Pseudoeurycea_longicauda,,8.55,55.34
Pseudoeurycea_longicauda,,8.52,59.44
Pseudoeurycea_longicauda,,8.27,62.92
Pseudoeurycea_tenchalli,,7.41,51.51
Bolitoglossa_cerroensis,,9.19,72.47
Bolitoglossa_cerroensis,,9.06,70.81
Bolitoglossa_cerroensis,,8.87,70.69
Bolitoglossa_cerroensis,,8.47,68.88
Bolitoglossa_minutula,,7.99,65.65
Bolitoglossa_epimela,,5.44,38.94
Bolitoglossa_epimela,,6.3,42.97
Bolitoglossa_epimela,,5.16,38.18
Bolitoglossa_sooyorum,,6.21,43.7
Bolitoglossa_subpalmata,,7.16,51.04
Bolitoglossa_subpalmata,,6.23,47.38
Bolitoglossa_subpalmata,,6.95,52.33
Bolitoglossa_subpalmata,,6.71,51.91
Bolitoglossa_tica,,7.02,50.97
Bolitoglossa_schizodactyla,,10.02,67.16
Bolitoglossa_schizodactyla,,8.82,51.89
Bolitoglossa_schizodactyla,,8.64,53.54
Bolitoglossa_schizodactyla,,8.8,54.37
Bolitoglossa_compacta,,8.69,54.84
Bolitoglossa_adspersa,,7.06,50.26
Bolitoglossa_adspersa,,7.11,50.23
Bolitoglossa_adspersa,,6.33,47.36
Bolitoglossa_adspersa,,8.43,64.01
Bolitoglossa_equatoriana,,6.96,49.15
Bolitoglossa_peruviana,,4.84,38.19
Bolitoglossa_peruviana,,5.26,38.89
Bolitoglossa_peruviana,,4.83,36.94
Bolitoglossa_peruviana,,5.24,36.56
Bolitoglossa_altamazonica,,4.79,33.82
Bolitoglossa_rufescens,,6.22,43.99
Bolitoglossa_rufescens,,5.73,40.76
Bolitoglossa_rufescens,,5.52,36.09
Bolitoglossa_rufescens,,6.13,39.4
Bolitoglossa_occidentalis,,5.9,38.57
Bolitoglossa_occidentalis,,6.4,41.91
Bolitoglossa_occidentalis,,6.68,40.5
Bolitoglossa_occidentalis,,6.87,41.73
Bolitoglossa_occidentalis,,6.67,43.16
Bolitoglossa_hartwegi,,5.67,37.03
Bolitoglossa_flaviventris,,12.05,96.33
Bolitoglossa_flaviventris,,9.1,66.72
Bolitoglossa_flaviventris,,11.73,82.92
Bolitoglossa_flaviventris,,9.02,69.09
Bolitoglossa_platydactyla,,10.08,77.49
Bolitoglossa_platydactyla,,9.05,76.94
Bolitoglossa_platydactyla,,9.33,72.04
Bolitoglossa_platydactyla,,10.69,81.62
Bolitoglossa_platydactyla,,8.37,64.05
Bolitoglossa_odonnelli,,9.21,74.3
Bolitoglossa_mexicana,,10.12,67.31
Bolitoglossa_mexicana,,11.27,72.66
Bolitoglossa_mexicana,,10.09,72.77
Bolitoglossa_mexicana,,7.94,51.38
Bolitoglossa_lignicolor,,7.34,43.53
Bolitoglossa_lignicolor,,9.33,60.7
Bolitoglossa_lignicolor,,10.61,79.58
Bolitoglossa_lignicolor,,8.89,61.59
Bolitoglossa_lignicolor,,10.06,68.12
Bolitoglossa_yucatana,,8.83,60.15
Bolitoglossa_engelhardti,,6.74,42.35
Bolitoglossa_engelhardti,,7.05,43.64
Bolitoglossa_engelhardti,,8.35,51.55
Bolitoglossa_rostrata,,6.7,44.1
Bolitoglossa_rostrata,,7.68,48.53
Bolitoglossa_rostrata,,7.35,47.74
Bolitoglossa_rostrata,,8.03,58.76
Bolitoglossa_rostrata,,8.64,60.86
Bolitoglossa_cuchumatana,,7.95,53.07
Bolitoglossa_helmrichi,,6.55,40.39
Bolitoglossa_helmrichi,,7.05,46.5
Bolitoglossa_helmrichi,,6.93,44.24
Bolitoglossa_alvaradoi,,6.31,41.46
Bolitoglossa_dofleini,,5.68,33.15
Bolitoglossa_lincolni,,12.4,82.96
Bolitoglossa_lincolni,,9.42,55.55
Bolitoglossa_lincolni,,11.1,80.48
Bolitoglossa_lincolni,,9.28,52.58
Bolitoglossa_franklini,,8.37,52.66
Bolitoglossa_franklini,,11.23,72.76
Bolitoglossa_franklini,,9.52,60.5
Bolitoglossa_franklini,,8.76,53.13
Bolitoglossa_franklini,,9.06,55.75
Bolitoglossa_decora,,9.56,59.6
Bolitoglossa_morio,,9.7,66.46
Bolitoglossa_morio,,8.36,56.66
Bolitoglossa_morio,,8.21,47.41
Bolitoglossa_morio,,6.9,44.98
Bolitoglossa_heiroreias,,7.9,50.46