authorizer,enterer,modifier,reference_no,author1init,author1last,author2init,author2last,otherauthors,pubyr,reftitle,pubtitle,editors,pubvol,pubno,firstpage,lastpage,publication_type,basis,language,doi,comments,project_name,project_ref_no,created,modified
"M. Carrano","K. Maguire","M. Carrano",17387,"V. R.",Alifanov,"A. O.",Averianov,,2006,"On the finding of ornithomimid dinosaurs (Saurischia, Ornithomimosauria) in the Upper Cretaceous beds of Tajikistan","Paleontological Journal",,40,1,103,108,"journal article","stated without evidence",English,,,ETE,,"2006-05-15 12:10:23","2006-05-18 00:16:38"
"R. Benson","R. Benson",,39419,"J. D.",Archibald,"A. O.",Averianov,,2003,"The Late Cretaceous placental mammal Kulbeckia","Journal of Vertebrate Paleontology",,23,2,404,419,"journal article","stated without evidence",English,,,,,"2012-01-13 00:25:39","2012-01-13 00:25:39"
"M. Carrano","M. Carrano",,17405,"J. D.",Archibald,"A. O.",Averianov,,2006,"Late Cretaceous asioryctitherian eutherian mammals from Uzbekistan and phylogenetic analysis of Asioryctitheria","Acta Palaeontologica Polonica",,51,2,351,376,"journal article","stated without evidence",English,,,ETE,,"2006-05-17 11:41:03","2006-05-18 04:41:10"
"M. Carrano","M. Carrano","M. Carrano",18356,"A. O.",Averianov,,,,2000,"Mammals from the Mesozoic of Kirgizstan, Uzbekistan, Kazakhstan and Tadzhikistan","The Age of Dinosaurs in Russia and Mongolia. Cambridge University Press, Cambridge","M. J. Benton, M. A. Shishkin, D. M. Unwin & E. N. Kurochkin",,,627,652,"book/book chapter","stated without evidence",English,,,ETE,,"2006-08-23 14:24:49","2010-09-22 07:57:41"
"M. Carrano","M. Carrano",,23827,"A. O.",Averianov,,,,2007,"New records of azhdarchids (Pterosauria, Azhdarchidae) from the Late Cretaceous of Russia, Kazakhstan, and Central Asia","Paleontological Journal",,41,2,189,197,"journal article","stated without evidence",English,,,ETE,,"2007-04-18 07:28:47","2007-04-19 00:28:51"
"R. Butler","R. Butler","R. Butler",31142,"A. O.",Averianov,,,,2007,"Mid-Cretaceous ornithocheirids (Pterosauria, Ornithocheiridae) from Russia and Uzbekistan","Paleontological Journal",,41,,79,86,"journal article","stated with evidence",English,,,,,"2009-11-09 23:10:05","2009-11-10 19:18:37"
"P. Mannion","J. Tennant",,45854,"A. O.",Averianov,"V. R.",Alifanov,,2012,"New data on duck-billed dinosaurs (Ornithischia, Hadrosauridae) from the Upper Cretaceous of Tajikistan","Paleontological Journal",,46,5,512,519,"journal article","stated with evidence",English,,,,,"2013-03-21 23:44:20","2013-03-21 23:44:20"
"J. Alroy","J. Alroy",,28807,A.,Averianov,"J. D.",Archibald,,2005,"Mammals from the mid-Cretaceous Khodzhakul Formation, Kyzylkum Desert, Uzbekistan","Cretaceous Research",,26,4,593,608,"journal article","stated with evidence",English,,,,,"2008-12-17 15:26:53","2008-12-18 10:26:53"
"R. Benson","R. Benson",,39418,"A. O.",Averianov,"J. D.",Archibald,,2006,"New specimens of the multituberculate mammal Uzbekbaatar from the Late Cretaceous of Uzbekistan","Acta Palaeontologica Polonica",,51,2,377,380,"journal article","stated without evidence",English,,,,,"2012-01-13 00:19:04","2012-01-13 00:19:04"
"R. Benson","R. Benson",,39417,"A. O.",Averianov,"J. D.",Archibald,"E. G. Ekdale",2010,"New material of the Late Cretaceous deltatheroidan mammal Sulestes from Uzbekistan and phylogenetic reassessment of the metatherian-eutherian dichotomy","Journal of Systematic Palaeontology",,8,3,301,330,"journal article","stated without evidence",English,10.1080/14772011003603499,,,,"2012-01-12 23:28:55","2012-01-12 23:28:55"
"R. Benson","R. Benson",,39260,A.,Averianov,Z.,Kielan-Jaworowska,,1999,"Marsupials from the Late Cretaceous of Uzbekistan","Acta Palaeontologica Polonica",,44,1,71,81,"journal article","stated without evidence",English,,,,,"2012-01-09 23:43:05","2012-01-09 23:43:05"
"M. Carrano","M. Carrano",,26886,"A. O.",Averianov,T.,Martin,"P. P. Skutschas, A. S. Rezvyi, A. A. Bakirov",2008,"Amphibians from the Middle Jurassic Balabansai Svita in the Fergana Depression, Kyrgyzstan (Central Asia)",Palaeontology,,51,2,471,485,"journal article","stated without evidence",English,10.1111/j.1475-4983.2007.00748.x,,ETE,,"2008-03-28 13:25:11","2008-03-29 07:25:11"
"M. Carrano","M. Carrano",,23626,"A. O.",Averianov,H.-D.,Sues,,2007,"A new troodontid (Dinosauria: Theropoda) from the Cenomanian of Uzbekistan, with a review of troodontid records from the territories of the former Soviet Union","Journal of Vertebrate Paleontology",,27,1,87,98,"journal article","stated without evidence",English,,,ETE,,"2007-03-22 11:02:24","2007-03-23 05:02:30"
"R. Butler","R. Butler",,30958,"N. N.",Bakhurina,"D. M.",Unwin,,1995,"a survey of pterosaurs from the Jurassic and Cretaceous of the former Soviet Union and Mongolia","Historical Biology",,10,,197,245,"journal article","stated with evidence",English,,,,,"2009-10-27 07:24:16","2009-10-28 01:24:16"
"W. Kiessling","U. Merkel",,27891,A.,Balinski,,,,1973,"Morphology and paleoecology of Givetian brachiopods from Jurkowice-Budy (Holy Cross Mountains, Poland)","Acta Palaeontologica Polonica",,18,3,269,297,"journal article","stated without evidence",English,,,,,"2008-08-06 07:11:06","2008-08-07 00:11:06"
"P. Mannion","J. Tennant",,50319,"S. C.",Bennett,,,,2014,"A new speicmen of the pterosaur Scaphognathus crassirostris, with comments on constraint of cervical vertebrae number in pterosaurs","Neues Jahrbuch für Geologie und Paläontologie - Abhandlungen",,271,3,327,348,"journal article","stated with evidence",English,,,,,"2014-03-06 03:09:16","2014-03-06 20:09:16"
"M. Carrano","M. Carrano","M. Carrano",19683,"D. B.",Brinkman,"L. A.",Nessov,"J.-H. Peng",1994,"Khunnuchelys gen. nov., a new trionychid (Testudines: Trionychidae) from the Late Cretaceous of Inner Mongolia and Uzbekistan","Canadian Journal of Earth Sciences",,30,10-11,2214,2223,"journal article","stated without evidence",English,,,ETE,,"2007-01-18 11:58:25","2009-12-16 07:59:00"
"R. Butler","R. Butler",,43454,X.,Cheng,X.,Wang,"S. Jiang, A. W. A. Kellner",2012,"A new scaphognathid pterosaur from western Liaoning, China","Historical Biology",,24,1,101,111,"journal article","stated with evidence",English,,,,,"2012-11-09 06:47:26","2012-11-09 06:47:26"
"R. Butler","R. Butler",,59176,X.,Cheng,X.,Wang,"S. Jiang, A. W. A. Kellner",2015,"Short note on a non-pterodactyloid pterosaur from Upper Jurassic deposits of Inner Mongolia, China","Historical Biology",,27,6,749,754,"journal article","stated with evidence",English,,,,,"2016-05-18 03:35:12","2016-05-18 18:35:12"
"M. Carrano","M. Carrano","M. Carrano",9243,"P. J.",Currie,"S. J.",Godfrey,"L. Nessov",1994,"New caenagnathid (Dinosauria, Theropoda) specimens from the Upper Cretaceous of North America and Asia","Canadian Journal of Earth Sciences",,30,10-11,2255,2272,"journal article","stated with evidence",English,,,,,"2003-09-19 15:57:17","2009-12-16 08:00:41"
"R. Butler","R. Butler",,30960,"S. A.",Czerkas,Q.,Ji,,2002,"A new rhamphorhynchoid with a headcrest and complex integumentary structures","Feathered Dinosaurs and the Origin of Flight, The Dinosaur Museum, Blanding","S. J. Czerkas",,,15,41,"book/book chapter",,English,,,,,"2009-10-27 07:55:32","2009-10-28 01:55:32"
"R. Benson","R. Benson",,44060,"I. G.",Danilov,,,,1999,"A new linholmemydid genus (Testudines: Lindholmemydidae) from the mid-Cretaceous of Uzbekistan","Russian Journal of Herpetology",,6,1,63,71,"journal article","stated without evidence",English,,,,,"2012-12-19 23:25:21","2012-12-19 23:25:21"
"R. Benson","R. Benson","P. Holroyd",41746,"I. G.",Danilov,"J. F.",Parham,,2005,"A reassessment of the referral of an isolated skull from the Late Cretaceous of Uzbekistan to the stem-testudinoid turtle genus Lindholmemys","Journal of Vertebrate Paleontology",,25,4,784,791,"journal article","stated without evidence",English,10.1671/0272-4634(2005)025[0784:AROTRO]2.0.CO;2,,,,"2012-05-23 19:58:22","2015-03-06 11:00:04"
"M. Carrano","M. Carrano",,37404,"I. G.",Danilov,"V. B.",Sukhanov,"E. V. Syromyatnikova",2011,"New Asiatic materials on turtles of the family Adocidae with a review of the adocid record in Asia","Proceedings of the Zoological Institute, Russian Academy of Sciences",,315,2,101,132,"journal article","stated with evidence",English,,,ETE,,"2011-09-03 05:38:28","2011-09-03 05:38:28"
"M. Carrano","M. Carrano",,41125,L.,Dong,D.,Huang,"Y. Wang",2012,"Two Jurassic salamanders with stomach contents from Inner Mongolia, China","Chinese Science Bulletin",,57,1,72,76,"journal article","stated without evidence",English,10.1007/s11434-011-4729-z,,,,"2012-04-12 01:48:34","2012-04-12 01:48:34"
"J. Alroy","J. Alroy","J. Alroy",30989,Z.,Dong,Y.,Wang,,1998,"A new urodele (Liaoxitriton zhongjiani gen. et sp. nov.) from the Early Cretaceous of western Liaoning Province, China","Vertebrata PalAsiatica",,36,4,159,172,"journal article","stated with evidence",Chinese,,"with English abstract",,,"2009-10-28 14:20:17","2009-10-29 08:52:31"
"P. Mannion","P. Mannion",,37284,"M. B.",Efimov,,,,1982,"A two-fanged crocodile from the Upper Cretaceous in Tadzhikistan","Paleontological Journal",,1982,4,103,104,"journal article","stated with evidence",English,,,,,"2011-08-29 22:17:34","2011-08-29 22:17:34"
"P. Mannion","J. Tennant",,43524,"S. E.",Evans,Y.,Wang,,2007,"A juvenile lizard specimen with well-preserved skin impressions from the Upper Jurassic/Lower Cretaceous of Daohugou, Inner Mongolia, China",Naturwissenschaften,,94,,431,439,"journal article","stated with evidence",English,10.1007/s00114-006-0214-y,,,,"2012-11-17 03:42:33","2012-11-17 03:42:33"
"M. Carrano","M. Carrano",,30212,"S. E.",Evans,Y.,Wang,,2009,"A long-limbed lizard from the Upper Jurassic/Lower Cretaceous of Daohugou, Ningcheng, Nei Mongol, China","Vertebrata PalAsiatica",,47,1,21,34,"journal article","none discussed",English,,,ETE,,"2009-07-07 09:08:54","2009-07-08 02:08:54"
"R. Benson","R. Benson",,42794,C.,Gao,"L. M.",Chiappe,"F. ZHang, D. L. Pomeroy, C. Shen, A. Chinsamy, M. O. Walsh",2012,"A subadult specimen of the Early Cretaceous bird Sapeornis chaoyangensis and a taxonomic reassessment of sapeornithids","Journal of Vertebrate Paleontology",,32,5,1103,1112,"journal article","stated without evidence",English,10.1080/02724634.2012.693865,,,,"2012-08-29 18:35:23","2012-08-29 18:35:23"
"R. Benson","R. Benson",,37483,"K. -Q.",Gao,"L. A.",Nessov,,1998,"Early Cretaceous squamates from the Kyzylkum Desert, Uzbekistan","Neues Jahrbuch für Geologie und Paläontologie",,207,3,289,309,"journal article","stated with evidence",English,,,,,"2011-09-06 21:20:09","2011-09-06 21:20:09"
"J. Alroy","J. Alroy",,30992,K.-Q.,Gao,"N. H.",Shubin,,2001,"Late Jurassic salamanders from northern China",Nature,,410,,574,577,"journal article","stated with evidence",English,10.1038/35069051,,,,"2009-10-28 16:10:40","2009-10-29 10:10:40"
"J. Alroy","J. Alroy",,28757,K.-Q.,Gao,"N. H.",Shubin,,2003,"Earliest known crown-group salamanders",Nature,,422,,424,428,"journal article","stated with evidence",English,10.1038/nature01491,,,,"2008-12-11 19:25:26","2008-12-12 14:25:26"
"R. Benson","R. Benson","M. Carrano",42318,"K. -Q.",Gao,"N. H.",Shubin,,2012,"Late Jurassic salamandroid from western Liaoning, China","Proceedings of the National Academy of Sciences",,109,15,5767,5772,"journal article","stated with evidence",English,10.1073/pnas.1009828109,,,,"2012-07-16 21:44:44","2013-01-29 05:58:59"
"E. Fara","E. Fara","E. Fara",19862,"J. D.",Gardner,"A. O.",Averianov,,1998,"Albanerpetontid amphibians from the Upper Cretaceous of Middle Asia","Acta Palaeontologica Polonica",,43,3,453,467,"journal article","stated with evidence",English,,,5%,53640,"2007-02-08 09:15:14","2007-02-09 04:17:00"
"M. Carrano","M. Carrano",,52039,"J. D.",Gardner,M.,Böhme,,2008,"Review of the Albanerpetontidae (Lissamphibia), with comments on the paleoecological preferences of European Tertiary albanerpetontids","Vertebrate Microfossil Assemblages: Their Role in Paleoecology and Paleobiogeography","J. T. Sankey & S. Baszio",,,178,218,"book chapter","stated without evidence",English,,,,,"2014-07-25 09:49:27","2014-07-26 00:49:27"
"P. Mannion","P. Mannion",,46204,"Y. M.",Gubin,,,,1991,"Paleocene salamanders from southern Mongolia","Paleontological Journal",,25,,91,102,"journal article","stated with evidence",English,,,,,"2013-04-09 01:36:05","2013-04-09 01:36:05"
"J. Alroy","J. Alroy","M. Carrano",29037,S.,Hope,,,,2002,"The Mesozoic radiation of Neornithes","Mesozoic Birds: Above the Heads of Dinosaurs. University of California Press, Berkeley","L. M. Chiappe and  L. M. Witmer",,,339,388,"book/book chapter","stated with evidence",English,,"selected taxonomy entered only",,,"2009-01-24 14:47:18","2009-02-06 10:01:27"
"M. Uhen","M. Uhen",,16938,Q.,Ji,Z.-X.,Luo,"C.-X. Yuan, A. R. Tabrum",2006,"A swimming mammaliaform from the middle Jurassic and ecomorphological diversification of early mammals",Science,,311,,1123,1127,"journal article","stated without evidence",English,,,,,"2006-03-21 12:16:43","2006-03-22 07:16:49"
"R. Butler","R. Butler",,59175,S.,Jiang,X.,Wang,"X. Cheng, F. R. Costa, J. Huang, A. W. A. Kellner",2015,"Short note on an anurognathid pterosaur with a long tail from the Upper Jurassic of China","Historical Biology",,27,6,718,722,"journal article","none discussed",English,,,,,"2016-05-18 03:16:18","2016-05-18 18:16:18"
"R. Benson","R. Benson",,38914,Z.,Kielan-Jaworowska,"L. A.",Nessov,,1992,"Multituberculate mammals from the Cretaceous of Uzbekistan","Acta Palaeontologica Polonica",,37,1,1,17,"journal article","stated without evidence",English,,,,,"2011-12-20 02:39:02","2011-12-20 02:39:02"
"M. Carrano","M. Carrano",,52405,Q.,Li,"J. A.",Clarke,"K.-Q. Gao, C.-F. Zhou, Q. Meng, D. Li, L. D'Alba, M. D. Shawkey",2014,"Melanosome evolution indicates a key physiological shift within feathered dinosaurs",Nature,,507,,350,353,"journal article","stated without evidence",English,10.1038/nature12973,,,,"2014-08-25 14:31:21","2014-08-26 05:31:21"
"M. Carrano","M. Carrano",,27831,Z.-X.,Luo,Q.,Ji,"C.-X. Yuan",2007,"Convergent dental adaptations in pseudo-tribosphenic and tribosphenic mammals",Nature,,450,,93,97,"journal article","stated without evidence",English,10.1038/nature06221,,ETE,,"2008-08-01 10:16:07","2008-08-02 03:16:07"
"M. Carrano","M. Carrano",,30706,J.,Lü,,,,2009,"A new non-pterodactyloid pterosaur from Qinglong County, Hebei Province of China","Acta Geologica Sinica",,83,2,189,199,"journal article","stated with evidence",English,,,ETE,,"2009-09-13 21:51:18","2009-09-14 14:51:18"
"R. Butler","R. Butler","R. Butler",38026,J.,Lü,X.,Bo,,2011,"A new rhamphorhynchid pterosaur (Pterosauria) from the Middle Jurassic Tiaojishan Formation of western Liaoning, China","Acta Geologica Sinica",,86,5,977,983,"journal article","stated with evidence",English,,,,,"2011-10-05 18:27:56","2011-10-05 18:41:28"
"R. Butler","R. Butler",,32590,J.-C.,Lü,X.-H.,Fucha,"J.-M. Chen",2010,"A new scaphognathine pterosaur from the Middle Jurassic of western Liaoning, China","Acta Geoscientica Sinica",,31,2,263,266,"journal article","stated with evidence",English,,,,,"2010-05-07 02:46:10","2010-05-07 19:46:10"
"R. Butler","R. Butler",,35167,J.,Lü,X.,Fucha,,2010,"A new pterosaur (Pterosauria) from Middle Jurassic Tiaojishan Formation of western Liaoning, China","Global Geology",,13,,113,118,"journal article","stated with evidence",English,,,,,"2011-02-15 20:21:26","2011-02-15 20:21:26"
"R. Benson","R. Benson","M. Carrano",44336,J.,Lü,"D. W. E.",Hone,,2012,"A new Chinese anurognathid pterosaur and the evolution of pterosaurian tail lengths","Acta Palaeontologica Sinica",,86,6,1317,1325,"journal article","stated with evidence",English,10.1111/1755-6724.12002,,,,"2013-01-18 17:30:18","2013-09-20 08:16:13"
"R. Butler","R. Butler","R. Butler",31222,J.,Lü,"D. M.",Unwin,"X. Jin, Y. Liu, Q. Ji",2010,"Evidence for modular evolution in a long-tailed pterosaur with a pterodactyloid skull","Proceedings of the Royal Society B",,277,,383,389,"journal article","stated with evidence",English,10.1098/rspb.2009.1603,,,,"2009-11-23 05:31:30","2010-02-06 02:35:55"
"R. Butler","R. Butler",,34847,J.,Lü,"D. M.",Unwin,"D. C. Deeming, X. Jin, Y. Liu, Q. Ji",2011,"An egg-adult association, gender, and reproduction in pterosaurs",Science,,331,6015,321,324,"journal article","none discussed",English,10.1126/science.1197323,,,,"2011-01-21 18:54:37","2011-01-21 18:54:37"
"M. Carrano","M. Carrano",,39769,J.,Lü,"D. M.",Unwin,"B. Zhao, C. Gao, C. Shen",2012,"A new rhamphorhynchid (Pterosauria: Rhamphorhynchidae) from the Middle/Upper Jurassic of Qinglong, Hebei Province, China",Zootaxa,,3158,,1,19,"journal article","stated with evidence",English,,,,,"2012-01-26 06:37:25","2012-01-26 06:37:25"
"M. Carrano","M. Carrano",,37985,J.,Lü,L.,Xu,"H. Chang, X. Zhang",2011,"A new darwinopterid pterosaur from the Middle Jurassic of western Liaoning, northeastern China and its ecological implications","Acta Geologica Sinica",,85,3,507,514,"journal article","stated with evidence",English,10.1111/j.1755-6724.2011.00444.x,,,,"2011-10-04 07:58:13","2011-10-04 07:58:13"
"J. Alroy","J. Alroy",,19497,J.,Meng,Y.,Hu,"Y. Wang, X. Wang, C. Li",2006,"A Mesozoic gliding mammal from northeastern China",Nature,,444,,889,893,"journal article","stated with evidence",English,,,,,"2006-12-29 10:34:09","2006-12-30 05:34:13"
"P. Mannion","J. Tennant",,54581,Q.-J.,Meng,Q.,Ji,"Y.-G. Zhang, D. Liu, D. M. Grossnickle, Z.-X. Luo",2015,"An arboreal docodont from the Jurassic and mammaliaform ecological diversification",Science,,347,6223,764,768,"journal article","stated with evidence",English,,,,,"2015-03-11 05:12:18","2015-03-11 21:12:18"
"M. Carrano","M. Carrano",,38128,"L. A.",Nessov,,,,1981,"Nakhodka cheliusti nazemnoi Iashcheritsy v verkhnem melu Uzbekistana [The discovery of a terrestrial lizard jaw in the Upper Cretaceous of Uzbekistan]","Vestnik Leningradskogo Universiteta",,2,,105,107,"journal article","stated with evidence",Russian,,,,,"2011-10-13 07:45:01","2011-10-13 07:45:01"
"M. Carrano","M. Carrano",,38127,"L. A.",Nessov,,,,1982,"Drevneishie mlekopitaiushchie SSSR [Ancient mammals of the USSR]","Palyentologicheskogo Obshchyestva",,25,,228,243,"journal article","stated with evidence",Russian,,,,,"2011-10-13 07:24:09","2011-10-13 07:24:09"
"R. Benson","R. Benson",,41769,"L. A.",Nessov,,,,1984,"Data on late Mesozoic turtles from the USSR","Studia Geologica Salamanticensia, vol. especial 1 (Studia Palaeocheloniologica I)",,1,,215,223,"journal article","stated without evidence",English,,,,,"2012-05-24 18:49:07","2012-05-24 18:49:07"
"M. Carrano","M. Carrano",,38131,"L. A.",Nessov,,,,1985,"Redkie kostnye ryby, nazemiye yashcheritsy i mlekopitayushchie zony limanov i primorskikh nizmennostey mela Kyzylkumov [Rare bony fishes, terrestrial lizards, and mammals in the estuarine and coastal lowland zone of the Kyzyl-Kum Cretaceous]","Yearbook of the All-Union Paleontological Association",,28,,199,219,"journal article","stated with evidence",Russian,,,,,"2011-10-13 08:43:26","2011-10-13 08:43:26"
"M. Carrano","M. Carrano",,38153,"L. A.",Nessov,,,,1985,"Novye mlekopitayushchie Mela Kyzylkumov [New mammals from the Cretaceous of Kyzyl-Kum]","Vestnik Leningradskogo Universiteta, Geologiia, Geografiia, series 7",,17,,8,18,"journal article","stated with evidence",Russian,,,,,"2011-10-14 02:59:49","2011-10-14 02:59:49"
"M. Carrano","M. Carrano",,38156,"L. A.",Nessov,,,,1986,"Pervaya nakhodka pozdnemelovoy ptitsy-ikhtiornisa v starom svete i nekotorye drugie kosti ptits iz Mela i Paleogena spedney Azii [The first record of the Late Cretaceous bird Ichthyornis in the Old World and some other bird bones from the Cretaceous and Paleogene of Central Asia]","Trudy Zoologicheskogo Instituta Akademiy Nauk SSSR",,147,,31,38,"journal article","stated with evidence",Russian,,,,,"2011-10-14 06:49:01","2011-10-14 06:49:01"
"M. Carrano","M. Carrano",,38159,"L. A.",Nessov,,,,1987,"Rezultaty poiskov i issledovaniya Melovykh i Rannepaleogenovykh mlekopitayushikh na territorii SSSR [Results of searches and investigations of Cretaceous and early Paleogene mammals in the territory of the USSR]","Ezhegodnik Vzezoyuznaya Paleontologicheskiy Obshchevstvo",,30,,199,218,"journal article","stated with evidence",Russian,,,,,"2011-10-14 07:56:14","2011-10-14 07:56:14"
"E. Fara","E. Fara",,19868,"L. A.",Nessov,,,,1988,"Late Mesozoic amphibians and lizards of Soviet Middle Asia","Acta Zoologica Cracoviensia",,31,14,475,486,"journal article","stated without evidence",English,,,,,"2007-02-09 02:54:16","2007-02-09 21:54:34"
"M. Carrano","M. Carrano",,38168,"L. A.",Nessov,,,,1990,"Melkiy ikhtiornis i drugie nakhodki kostey ptits v Bissektinskoy Svite (Verkhniy Mel) tsentral'nykh Kyzylkumov [A small ichthyornithiform and other bird remains from the Bissekty Formation (Upper Cretaceous) of the central Kyzyl-Kum Desert]","Trudy Zoologicheskogo Instituta Akademiy Nauk SSSR",,210,,59,62,"journal article","stated with evidence",Russian,,,,,"2011-10-15 06:30:39","2011-10-15 06:30:39"
"M. Carrano","K. Maguire","M. Carrano",16510,"L. A.",Nessov,,,,1995,"Dinozavri severnoi Yevrazii: Novye dannye o sostave kompleksov, ekologii i paleobiogeografii [Dinosaurs of northern Eurasia: new data about assemblages, ecology, and paleobiogeography]","Institute for Scientific Research on the Earth's Crust, St. Petersburg State University, St. Petersburg",,,,1,156,"book/book chapter","stated without evidence",Russian,,,ETE,,"2006-01-25 12:58:07","2006-11-16 09:35:09"
"R. Benson","R. Benson","M. Carrano",39261,"L. A.",Nessov,,,,1997,,"Nemorskiye Pozvonochnyye Melovogo Perioda Severnoy Yevrazii [Cretaceous Non-Marine Vertebrates of Northern Eurasia]","L. B. Goloneva & A. O. Averianov",,,1,218,book,"stated without evidence",Russian,,,,,"2012-01-09 23:50:55","2014-07-12 05:56:01"
"J. Alroy","J. Alroy","R. Benson",2649,"L. A.",Nessov,"J. D.",Archibald,"Z. Kielan-Jaworowska",1998,"Ungulate-like mammals from the Late Cretaceous of Uzbekistan and a phylogenetic analysis of Ungulatomorpha","Bulletin of Carnegie Museum of Natural History",,34,,40,88,"journal article","stated without evidence",English,,,,,"2001-03-02 15:01:30","2012-01-10 02:18:01"
"R. Benson","R. Benson",,39415,"L. A.",Nessov,D.,Sigogneau-Russell,"D. E. Russell",1994,"A survey of Cretaceous tribosphenic mammals from middle Asia (Uzbekistan, Kazakhstan and Tajikistan), of their geological setting, age and faunal environment",Palaeovertebrata,,23,,51,92,"journal article","stated without evidence",English,,,,,"2012-01-12 20:36:25","2012-01-12 20:36:25"
"M. Carrano","M. Carrano",,38130,"L. A.",Nessov,"A. A.",Yarkov,,1989,"Novye ptitsy Mela-Paleogena SSSR i nekotorye zamechaniya po istorii vozniknoveniya i evolyutsii klassa [New Cretaceous-Paleogene birds of the USSR and some remarks on the origin and evolution of the Class Aves]","Fauna i Ekologiya Ptits Evrazii [Faunistic and Ecological Studies of Eurasian Birds]. Trudy Zoologicheskogo Instituta, Akademiya Nauk SSSR","R. L. Potapov",197,,78,97,"book/book chapter","stated with evidence",Russian,,,,,"2011-10-13 08:13:46","2011-10-13 08:13:46"
"E. Fara","E. Fara","E. Fara",13343,A.,Nevo,,,,1956,"Fossil frogs from a Lower Cretaceous bed in southern Israel (Central Negev)",Nature,,178,4543,1191,1192,"journal article","stated without evidence",,,,,,"2005-04-24 03:24:29","2005-04-24 20:24:29"
"E. Fara","E. Fara","E. Fara",13344,A.,Nevo,,,,1964,"Fossil urodeles in Early Lower Cretaceous deposits of Makhtesh Ramon, Israel",Nature,,201,4917,415,416,"journal article","stated without evidence",,,,,,"2005-04-24 03:32:04","2005-04-24 20:32:04"
"A. Behrensmeyer","A. Behrensmeyer","J. Alroy",5727,E.,Nevo,,,,1968,"Pipid frogs from the early Cretaceous of Israel and pipid evolution","Bulletin of the Museum of Comparative Zoology",,136,80,255,318,"journal article","stated with evidence",English,,"ETE reference number 1483",ETE,1483,"2002-02-25 06:34:10","2008-11-09 03:38:34"
"J. Alroy","J. Alroy",,28355,E.,Nevo,R.,Estes,,1969,"Ramonellus longispinus, an Early Cretaceous salamander from Israel",Copeia,,1969,3,540,547,"journal article","stated with evidence",English,,,,,"2008-10-29 16:47:27","2008-10-30 10:47:27"
"M. Carrano","M. Carrano",,49934,N.,Peng,Y.,Liu,"H. Kuang, X. Jiang, H. Xu",2012,"Stratigraphy and geochronology of vertebrate fossil-bearing Jurassic strata from Linglongta, Jianchang county, western Liaoning, northeastern China","Acta Geologica Sinica",,86,6,1326,1339,"journal article","stated without evidence",English,,,,,"2014-01-24 16:21:45","2014-01-25 09:21:45"
"E. Fara","E. Fara","E. Fara",4203,"M. J.",Polcyn,E.,Tchernov,"L.L. Jacobs",1999,"The Cretaceous biogeography of the Eastern Mediterranean with a description of a new basal mosasauroid from 'Ein Yabrud, Israel","in Y. Tomida, T.H. Rich and P. Vickers-Rich, eds., Proceedings of the Second Gondwanan Dinosaur Symposium. National Science Museum Monographs, Tokyo, Japan.",,,15,259,290,"serial monograph","stated without evidence",English,,,5%,320,"2002-03-04 16:40:37","2005-04-24 20:25:17"
"M. Carrano","M. Carrano",,25546,"A. N.",Riabinin,,,,1931,"Ostatki dinozavrov iz verkhnego mela nizov'ev r. Amu-Dar'i [On the dinosaurian remains from the Upper Cretaceous of the lower parts of the Amu-Daria River]","Zapiski Rossiyskogo Mineralogicheskogo Obshchestva",,60,1,114,118,"journal article","stated without evidence",Russian,,,ETE,,"2007-10-22 15:05:45","2007-10-23 08:05:45"
"E. Fara","E. Fara","P. Mannion",18862,Z.,Ro&#269;ek,"L. A.",Nessov,,1993,"Cretaceous anurans from Central Asia","Palaeontographica Abteilung A",,226,,1,54,"journal article","stated with evidence",English,,,,,"2006-09-22 06:25:38","2012-12-20 01:33:53"
"M. Carrano","M. Carrano","M. Carrano",31565,"P. P.",Skutschas,,,,2009,"Re-evaluation of Mynbulakia Nesov, 1981 (Lissamphibia: Caudata) and description of a new salamander genus from the Late Cretaceous of Uzbekistan","Journal of Vertebrate Paleontology",,29,3,659,664,"journal article","stated with evidence",English,10.1671/039.029.0326,,ETE,,"2010-01-13 14:12:37","2010-01-14 09:21:43"
"P. Mannion","P. Mannion",,39421,"G. W.",Storrs,"M. B.",Efimov,,2000,"Mesozoic crocodyliforms of north-central Eurasia","The Age of Dinosaurs in Russia and Mongolia","M. J. Benton, M. A. Shishkin, D. M. Unwin, E. N. Kurochkin",,,402,419,"book/book chapter","stated with evidence",English,,,,,"2012-01-13 03:27:50","2012-01-13 03:27:50"
"M. Carrano","M. Carrano",,30213,H.-D.,Sues,A.,Averianov,,2009,"A new basal hadrosauroid dinosaur from the Late Cretaceous of Uzbekistan and the early radiation of duck-billed dinosaurs","Proceedings of the Royal Society B: Biological Sciences",,276,1667,2549,2555,"journal article","stated with evidence",English,10.1098/rspb.2009.0229,,ETE,,"2009-07-07 10:08:10","2009-07-08 03:08:10"
"P. Mannion","J. Tennant",,46400,H.-D.,Sues,A.,Averianov,,2013,"Enigmatic teeth of small theropod dinosaurs from the Upper Cretaceous (Cenomanian–Turonian) of Uzbekistan","Canadian Journal of Earth Sciences",,50,,306,314,"journal article","stated with evidence",English,,,,,"2013-04-19 22:12:12","2013-04-19 22:12:12"
"M. Carrano","M. Carrano",,53745,H.-D.,Sues,A.,Averianov,,2014,"Dromaeosauridae (Dinosauria: Theropoda) from the Bissekty Formation (Upper Cretaceous: Turonian) of Uzbekistan and the phylogenetic position of Itemirus medullaris Kurzanov, 1976","Cretaceous Research",,51,,225,240,"journal article","stated with evidence",English,,,,,"2014-12-04 16:37:04","2014-12-05 09:37:04"
"P. Mannion","J. Tennant",,53929,H.-D.,Sues,A.,Averianov,,2015,"New material of Caenagnathasia martinsoni (Dinosauria: Theropoda: Oviraptorosauria) from the Bissekty Formation (Upper Cretaceous: Turonian) of Uzbekistan","Cretaceous Research",,54,,50,59,"journal article","stated with evidence",English,,,,,"2015-01-06 08:25:10","2015-01-07 01:25:10"
"P. Mannion","P. Mannion","P. Mannion",54649,H.-D.,Sues,A.,Averianov,"R. C. Ridgely, L. M. Witmer",2015,"Titanosauria (Dinosauria, Sauropoda) from the Upper Cretaceous (Turonian) Bissekty Formation of Uzbekistan","Journal of Vertebrate Paleontology",,35,1,e889145,,"journal article","stated with evidence",English,10.1080/02724634.2014.889145,,,,"2015-03-18 12:15:52","2015-03-19 04:27:11"
"P. Mannion","J. Tennant",,50313,C.,Sullivan,Y.,Wang,"D. W. E. Hone, Y. Wang, X. Xu, F. Zhang",2014,"The vertebrates of the Jurassic Daohugou biota of northeastern China","Journal of Vertebrate Paleontology",,34,2,243,280,"journal article","stated with evidence",English,,,,,"2014-03-04 14:34:37","2014-03-05 07:34:37"
"P. Mannion","J. Tennant","J. Tennant",45994,"E. V.",Syromyatnikova,,,,2011,"Turtles of the genus Ferganemys Nessov et Khosatzky, 1977 (Adocidae): shell morphology and phylogenetic position","Proceedings of the Zoological Institute RAS",,315,1,38,52,"journal article","stated with evidence",English,,,,,"2013-03-27 23:48:51","2013-03-28 00:10:18"
"P. Mannion","P. Mannion","J. Benito Moreno",46205,D.,Vasilyan,M.,Böhme,,2012,"Pronounced Peramorphosis in Lissamphibians—Aviturus exsecratus (Urodela, Cryptobranchidae) from the Paleocene–Eocene Thermal Maximum of Mongolia","PLoS One",,7,9,e40665,,"journal article","stated with evidence",English,10.1371/journal.pone.0040665,,,,"2013-04-09 01:56:11","2015-10-30 03:16:09"
"P. Mannion","P. Mannion",,38528,"N. S.",Vitek,"I. G.",Danilov,,2010,"New material and a reassessment of soft-shelled turtles (Trionychidae) from the Late Cretaceous of Middle Asia and Kazakhstan","Journal of Vertebrate Paleontology",,30,2,383,393,"journal article","stated with evidence",English,,,,,"2011-11-16 16:36:55","2011-11-16 16:36:55"
"P. Mannion","J. Tennant",,50301,"N. S.",Vitek,"I. G.",Danilov,,2014,"Soft-shelled turtles (Trionychidae) from the Cenomanian of Uzbekistan","Cretaceous Research",,49,,1,12,"journal article","stated with evidence",English,,,,,"2014-03-04 09:56:17","2014-03-05 02:56:17"
"R. Benson","R. Benson",,37810,Y.,Wang,,,,2000,"A new salamander (Amphibia: Caudata) from the Early Cretaceous Jehol Biota","Vertebrata PalAsiatica",,38,,100,103,"journal article","stated with evidence",English,,,,,"2011-09-22 19:18:43","2011-09-22 19:18:43"
"J. Alroy","J. Alroy","J. Alroy",30988,Y.,Wang,,,,2004,"A new Mesozoic caudate (Liaoxitriton daohugouensis sp. nov.) from Inner Mongolia, China","Chinese Science Bulletin",,49,8,858,860,"journal article","stated with evidence",English,,,,,"2009-10-28 14:12:41","2009-10-29 08:52:41"
"R. Benson","R. Benson",,37812,Y.,Wang,,,,2004,"Taxonomy and stratigraphy of Late Mesozoic anurans and urodeles from China","Acta Geologica Sinica",,78,6,1169,1178,"journal article","stated with evidence",English,,,,,"2011-09-22 19:37:24","2011-09-22 19:37:24"
"J. Alroy","J. Alroy",,34986,Y.,Wang,"S. E.",Evans,,2006,"A new short-bodied salamander from the Upper Jurassic/Lower Cretaceous of China","Acta Palaeontologica Polonica",,51,1,127,130,"journal article","stated with evidence",English,,,,,"2011-02-01 14:50:10","2011-02-01 14:50:10"
"R. Butler","R. Butler",,31153,X.,Wang,"A. W. A.",Kellner,"S. Jiang, X. Meng",2009,"An unusual long-tailed pterosaur with elongated neck from western Liaoning of China","Anais da Academia Brasileira de Ciências",,81,4,793,812,"journal article","stated with evidence",English,,,,,"2009-11-11 08:42:01","2009-11-12 03:42:01"
"R. Butler","R. Butler",,34511,X.,Wang,"A. W. A.",Kellner,"S. Jiang, X. Cheng, Xi Meng, T. Rodrigues",2010,"New long-tailed pterosaurs (Wukongopteridae) from western Liaoning, China","Anais da Academia Brasileira de Ciências",,82,4,1045,1062,"journal article","stated with evidence",English,,,,,"2010-12-15 03:14:33","2010-12-15 03:14:33"
"J. Alroy","J. Alroy",,28354,Y.,Wang,"C. S.",Rose,,2005,"Jeholotriton paradoxus (Amphibia: Caudata) from the Lower Cretaceous of southeastern Inner Mongolia, China","Journal of Vertebrate Paleontology",,25,3,523,532,"journal article","stated with evidence",English,,,,,"2008-10-29 16:33:42","2008-10-30 10:33:42"
"R. Butler","R. Butler",,30959,X.,Wang,Z.,Zhou,"F. Zhang, X. Xu",2002,"A nearly completely articulated rhamphorhynchoid pterosaur with exceptionally well-preserved wing membranes and ""hairs"" from Inner Mongolia, northeast China","Chinese Science Bulletin",,47,,226,230,"journal article","stated with evidence",English,,,,,"2009-10-27 07:43:21","2009-10-28 01:43:21"
"J. Alroy","J. Alroy",,36800,X.,Xu,H.,You,"K. Du, F. Han",2011,"An Archaeopteryx-like theropod from China and the origin of Avialae",Nature,,475,,465,470,"journal article","stated with evidence",English,10.1038/nature10288,,,,"2011-07-29 16:21:03","2011-07-29 16:21:03"
"M. Carrano","M. Carrano","M. Carrano",14925,X.,Xu,F.,Zhang,,2005,"A new maniraptoran dinosaur from China with long feathers on the metatarsus",Naturwissenschaften,,92,,173,177,"journal article","stated without evidence",English,,,ETE,,"2005-10-24 12:22:52","2005-11-15 05:21:15"
"M. Carrano","M. Carrano",,35452,X.,Xu,Q.,Zhao,"M. Norell, C. Sullivan, D. Hone, G. Erickson, X. Wang, F. Han, Y. Guo",2009,"A new feathered maniraptoran dinosaur fossil that fills a morphological gap in avian origin","Chinese Science Bulletin",,54,3,430,435,"journal article","stated with evidence",English,10.1007/s11434-009-0009-6,,ETE,,"2011-03-07 05:39:28","2011-03-07 05:39:28"
"J. Alroy","J. Alroy","M. Carrano",30990,G.,Zhang,Y.,Wang,"M. E. H. Jones, S. E. Evans",2009,"A new Early Cretaceous salamander (Regalerpeton weichangensis gen. et sp. nov.) from the Huajiying Formation of northeastern China","Cretaceous Research",,30,3,551,558,"journal article","stated with evidence",English,10/1016/j.cretres.2008.10.004,,,,"2009-10-28 14:38:35","2010-04-24 07:19:25"
"M. Carrano","M. Carrano","J. Alroy",7648,F.,Zhang,Z.,Zhou,"X. Xu, X. Wang",2002,"A juvenile coelurosaurian theropod from China indicates arboreal habits",Naturwissenschaften,,89,9,394,398,"journal article","stated with evidence",English,,,,,"2003-01-15 19:29:53","2008-12-12 13:46:54"
"J. Alroy","J. Alroy",,28756,F.,Zhang,Z.,Zhou,"X. Xu, X. Wang, C. Sullivan",2008,"A bizarre Jurassic maniraptoran from China with elongate ribbon-like feathers",Nature,,455,,1105,1108,"journal article","stated with evidence",English,,,,,"2008-12-11 19:00:04","2008-12-12 14:00:04"
"P. Mannion","P. Mannion","M. Carrano",47911,X.,Zheng,S.,Bi,"X. Wang, J. Meng",2013,"A new arboreal haramiyid shows the diversity of crown mammals in the Jurassic period",Nature,,500,,199,202,"journal article","stated with evidence",English,10.1038/nature12353,,,,"2013-08-08 19:05:43","2015-04-23 03:40:15"
"J. Alroy","J. Alroy","M. Carrano",29485,X.-T.,Zheng,H.-L.,You,"X. Xu, Z.-M. Dong",2009,"An Early Cretaceous heterodontosaurid dinosaur with filamentous integumentary structures",Nature,,458,,333,336,"journal article","stated with evidence",English,10.1038/nature07856,,,,"2009-03-19 19:33:28","2009-03-31 08:35:13"
"R. Butler","R. Butler","R. Butler",35658,C.-F.,Zhou,"R. R.",Schoch,,2011,"New material of the non-pterodactyloid pterosaur Changchengopterus pani Lü, 2009 from the Late Jurassic Tiaojishan Formation of western Liaoning","Neues Jahrbuch für Geologie und Paläontologie Abhandlungen",,260,,265,275,"journal article","stated with evidence",English,,,,,"2011-03-28 18:39:32","2011-10-06 17:56:41"
"P. Mannion","P. Mannion","P. Mannion",47910,C.-F.,Zhou,S.,Wu,"T. Martin, Z.-X. Luo",2013,"A Jurassic mammaliaform and the earliest mammalian evolutionary adaptations",Nature,,500,,163,167,"journal article","stated without evidence",English,,,,,"2013-08-08 18:51:31","2013-08-08 19:06:29"
